Mutation 1,Mutation 2,Mutation 3,Mutation 4,Mutation 5,Mutation 6,Mutation 7,NFV,SQV,IDV,FPV,ATV,LPV,TPV,DRV,Best Drug
90M,,,,,,,7.3,3.2,3.1,1.3,3.1,1.6,1.2,0.9,DRV
30N,,,,,,,40,1.3,1.3,0.8,2.5,1,1.2,1,FPV
46I,90M,,,,,,22,4.2,9.1,3.2,4.9,2.7,0.9,0.8,DRV
46I,,,,,,,11,0.9,4.4,2.1,2.2,2.7,1.1,0.8,DRV
54V,82A,90M,,,,,57,27,24,3.6,36,39,2.4,1.6,DRV
54V,82A,,,,,,9.4,1.4,8,1.5,2.3,11,1.6,0.8,DRV
46L,,,,,,,8.2,1.5,2.6,1.1,2.4,1.6,,,FPV
46L,54V,82A,,,,,39,6.2,19,4.6,31,37,1.1,1.7,TPV
46I,54V,82A,,,,,16,1.6,15,2.5,7.5,27,1.6,0.8,DRV
46I,84V,90M,,,,,48,43,28,7.7,22,17,2,4,TPV
46L,54V,82A,90M,,,,40,11,22,8.2,17,50,4.4,4.1,DRV
84V,90M,,,,,,19,25,11,4.5,15,6.4,2,2.1,TPV
46I,54V,84V,90M,,,,86,161,53,20,171,96,4.7,11,TPV
46I,54V,82A,90M,,,,49,22,29,6.4,24,58,2.6,1.8,DRV
82A,,,,,,,2.1,0.8,2.1,1,1.9,2.2,0.4,,TPV
88S,,,,,,,7.7,1.2,2.5,0.1,7.2,1.4,0.6,0.3,FPV
46I,54V,76V,82A,,,,11,1.6,37,6.5,1.4,82,0.5,,TPV
54V,84V,90M,,,,,144,773,50,13,155,43,17,132,FPV
54V,90M,,,,,,34,60,5,1.3,72,28,23,2.1,FPV
30N,90M,,,,,,74,6,2.8,1.3,4.8,1.8,0.5,0.4,DRV
50L,,,,,,,0.3,0.3,0.3,0.3,6,0.3,,,NFV
84V,,,,,,,2.5,2.8,1.9,3.9,2.3,2.6,3.2,2.6,IDV
46I,88S,,,,,,18,1.3,5.8,0.2,6.1,0.8,,,FPV
46L,82A,,,,,,6.1,1.3,7.4,5.8,2.5,7,,,SQV
54V,,,,,,,18,8.1,6.2,3,8.6,5.4,2.7,0.6,DRV
30N,46I,,,,,,25,0.6,1.2,0.8,1.5,0.8,0.5,0.5,TPV
82A,90M,,,,,,6.1,1.6,7.1,1.6,5.5,2.7,,,SQV
46I,84V,,,,,,13,11,5.6,6.7,14,14,11,,IDV
46L,90M,,,,,,15,3.4,7.5,1.7,5.4,2.8,0.6,0.7,TPV
48V,54V,82A,,,,,29,152,23,2.5,27,33,1,0.8,DRV
46I,54V,82F,90M,,,,110,6.5,92,25,67,87,4.3,11,TPV
54L,84V,90M,,,,,50,197,20,30,32,16,1.5,19,TPV
46I,82A,,,,,,67,22,41,7.8,43,45,,,FPV
46I,47V,54V,84V,90M,,,237,,148,54,184,170,8.7,13,TPV
32I,46I,82A,90M,,,,25,4.5,21,12,20,15,1.5,46,TPV
46L,54V,84V,90M,,,,89,257,69,32,57,103,5.5,7.5,TPV
32I,46I,47V,54M,82A,90M,,138,27,144,300,71,350,9.8,346,TPV
46L,54V,82A,84V,,,,17,79,12,13,16,35,12,2.1,DRV
46I,54V,82A,84V,,,,25,59,12,16,36,99,7.7,,TPV
48V,54T,82A,,,,,111,1000,95,6,124,45,1.12,1.2,TPV
46I,54V,84V,,,,,58,64,42,19,63,90,1.3,15,TPV
46I,54V,76V,82A,90M,,,29,4,6.8,14,2.8,149,,,ATV
54V,82F,90M,,,,,34,8.8,51,13,11,54,8.1,6.3,DRV
46I,54V,82A,84V,90M,,,94,61,53,55,96,187,10,,TPV
48V,54V,82A,90M,,,,35,254,28,1.8,27,32,0.5,0.4,DRV
46I,50V,54V,82A,90M,,,154,25,60,37,45,252,1.4,15,TPV
54V,82A,84V,90M,,,,47,97,23,10,59,52,,3.7,DRV
46I,76V,,,,,,3,0.6,13,4.4,,,,,SQV
54L,90M,,,,,,9.2,3.9,1.9,40,13,2.2,2.1,3.4,IDV
32I,46I,47V,54L,84V,90M,,65,87,28,400,283,400,5.1,500,TPV
46L,54V,82A,84V,90M,,,42,41,33,15,72,88,18,12,DRV
54L,,,,,,,2.5,1.6,1.8,14,1.7,4.6,1.7,3.6,SQV
46L,84V,90M,,,,,19,19,10,8,10,7,3.4,2.8,DRV
46I,54V,82S,,,,,60,33,51,4.2,52,91,0.9,,TPV
32I,46I,82A,,,,,11,0.8,10,4.8,3.5,5,,,SQV
32I,46I,47V,54V,82A,90M,,44,12,35,23,15,94,2.5,5.6,TPV
54V,82T,90M,,,,,27,7.4,16,2.1,18,13,4.6,1.3,DRV
46I,54V,82T,90M,,,,123,42,68,9.9,77,126,9.6,1.1,DRV
32I,46I,47V,82A,,,,13,1.3,22,13,48,55,1.1,5.1,TPV
46I,47V,54V,82A,,,,16,4.8,10,8.7,6.8,61,2.9,,TPV
54V,82T,,,,,,27,4.8,24,1,15,3.4,,,FPV
32I,46I,47V,82A,90M,,,72,33,89,83,700,500,15,44,TPV
46L,82A,90M,,,,,9.6,4.2,11,4,18,15,18,1.2,DRV
46I,54V,90M,,,,,200,290,114,31,294,206,13,5.6,DRV
50L,82A,,,,,,0.7,0.3,0.8,0.7,12,0.7,0.4,0.2,DRV
46I,54V,82T,84V,,,,89,604,163,14,211,87,24,,FPV
46L,54V,76V,82A,,,,17,2.5,35,15,2,120,0.6,,TPV
82L,,,,,,,0.9,0.7,0.6,1,1.2,0.6,1.45,1.15,IDV
32I,,,,,,,7.7,2.2,3.3,2,4,1.8,2.3,1.4,DRV
46L,48V,54V,82A,,,,99,1000,90,9,161,126,0.5,1.4,TPV
54V,84V,,,,,,62,267,34,76,120,109,5.1,,TPV
54V,82A,84V,,,,,13,30,8.1,13,12,43,8.5,5.8,DRV
82F,,,,,,,4.1,0.3,2.5,3.4,,,,,SQV
46I,54L,84V,90M,,,,43,1000,25,38,47,37,1.7,14,TPV
46I,76V,84V,,,,,5.8,2.8,21,19,,33,,,SQV
46I,54M,84V,90M,,,,59,56,24,47,82,70,,,IDV
30N,54V,90M,,,,,200,46,8.4,2.3,13,14,4.5,1.4,DRV
46I,54V,82T,84V,90M,,,86,138,82,15,114,114,118,,FPV
32I,46L,82A,,,,,4.5,0.7,4.3,1.6,,5.2,,,SQV
46I,54V,82T,,,,,7.9,1.9,18,4,17,64,0.8,1.1,TPV
48V,54V,82A,84V,,,,18,583,12,6,70,80,2,2.5,TPV
46I,50V,,,,,,3.3,1.4,1.4,21,0.9,15,,,ATV
54V,82F,,,,,,57,3.4,35,16,10,71,6.6,,SQV
50V,,,,,,,3,1.6,1.2,14,1.4,6.7,,,IDV
32I,46I,47V,90M,,,,6.2,1.1,4.4,3.5,,,,,SQV
46I,82T,,,,,,13,1.8,13,2.8,6.5,16,1.8,1.8,SQV
54L,82A,90M,,,,,25,17,9.7,15,27,17,4.5,,TPV
48V,54S,82A,,,,,119,1000,154,15,128,117,1.5,3.9,TPV
46I,50L,82A,,,,,1.1,0.4,0.5,1.5,19,1.5,0.6,0.4,SQV
46L,54V,76V,82A,90M,,,6.8,3.8,22,5.6,0.7,33,0.9,2.5,ATV
32I,46I,47V,54M,84V,90M,,45,17,25,200,73,176,104,373,SQV
48V,90M,,,,,,5.3,19,5,2,,1.2,,,LPV
32I,46I,47V,54L,82A,90M,,44,8.2,26,134,38,218,2.7,,TPV
54V,76V,82A,,,,,10,2.2,29,6.2,2.9,91,1.3,1.6,TPV
46L,54L,82A,90M,,,,13,3.9,7.9,6,10,11,0.7,,TPV
46L,54V,84V,,,,,426,629,347,61,504,113,125,25,DRV
46I,76V,84V,90M,,,,12,54,42,160,19,162,1.1,109,TPV
46I,82A,90M,,,,,20,4,25,7,11,14,2.1,5,TPV
46I,82T,90M,,,,,29,21,24,3.1,39,16,1.4,0.9,DRV
46I,82T,84V,,,,,3.9,2.5,7.2,3.1,19,8.7,2.5,1.6,DRV
32I,46I,47V,54M,82A,,,25,1.8,28,101,12,221,5.3,81,SQV
46I,88S,90M,,,,,67,6.7,16,0.7,16,2.3,1,1,FPV
88S,90M,,,,,,97,34,17,0.7,67,10,,,FPV
46I,82A,84V,,,,,4.4,3.4,3.8,6.3,3.1,7.9,1.3,1.3,TPV
48V,54T,82A,90M,,,,165,,,7.6,,151,1.3,,TPV
48V,82A,,,,,,7.5,6.5,6.6,2.9,,,,,FPV
54V,82T,84V,90M,,,,72,91,61,11,187,98,,,FPV
46I,47V,54M,84V,90M,,,40,62,43,400,68,87,106,31,DRV
30N,46I,54V,82A,,,,600,23,46,34,44,500,2.2,7.8,TPV
32I,47V,,,,,,3.9,1.5,1.7,2.5,6.3,4,1.5,1.3,DRV
54M,,,,,,,4.7,1.9,2,12,3.4,2.9,,,SQV
46L,48V,54V,82A,84V,,,64,271,34,24,94,107,3.1,,TPV
46L,84V,,,,,,4.3,1.8,3.2,1.6,,1.9,,,FPV
54V,82S,,,,,,15,4,17,0.9,17,19,1.1,,FPV
32I,46I,47V,,,,,8,1,16,6.6,9,8.7,1.6,2.5,SQV
46L,48V,54V,82A,90M,,,44,,40,6.9,,39,,,FPV
46I,82F,90M,,,,,50,1.8,37,13,12,37,,,SQV
54A,82A,,,,,,184,135,106,19,133,136,5.1,,TPV
54V,82T,84V,,,,,21,73,30,6.7,24,26,26,1.7,DRV
46I,76V,90M,,,,,7.2,2.9,17,7.2,2.6,23,0.8,1.5,TPV
46I,54V,82F,,,,,19,0.1,,1.7,,5.8,,,SQV
30N,46I,90M,,,,,121,15,6,2.5,6.6,2.4,,,LPV
46L,48V,54T,82A,,,,139,467,171,8.7,,66,,,FPV
32I,47V,54M,90M,,,,63,52,34,152,76,130,10,,TPV
46I,54V,76V,82F,,,,16,0.9,46,9.5,1,112,,,SQV
54L,84V,,,,,,8.2,27,2.6,28,14,9.4,1.6,,TPV
32I,46I,47V,54L,90M,,,74,70,11,89,89,71,1.2,48,TPV
46I,54V,76V,82F,90M,,,66,2.3,335,24,2.5,255,1.1,,TPV
32I,46L,82A,90M,,,,22,4.9,16,4.5,14,6.4,,,FPV
82A,84V,,,,,,13,31,6.8,43,,29,,,IDV
46I,82T,84V,90M,,,,23,38,33,3.4,,16,,,FPV
30N,54L,90M,,,,,156,22,4.5,11,36,14,0.8,16,TPV
48M,54V,82A,90M,,,,372,675,290,61,141,250,,,FPV
54A,82A,90M,,,,,136,66,143,9.3,242,108,2.7,,TPV
46I,54L,82A,90M,,,,250,50,109,119,311,292,2.8,,TPV
46L,88S,,,,,,12,1.2,2.9,0.1,,,,,FPV
48V,82A,90M,,,,,25,105,22,2.1,,7.8,,,FPV
46I,48V,54T,82A,,,,106,217,80,6.7,34,69,0.4,,TPV
30N,54V,82A,90M,,,,600,126,49,6.6,100,52,1.7,,TPV
46L,48V,54S,82A,,,,99,293,117,14,57,105,1.4,,TPV
46I,54A,82A,90M,,,,89,59,150,5.6,65,75,,,FPV
46I,47V,54V,84V,,,,23,60,16,41,39,80,17,,IDV
46I,82F,,,,,,7.4,0.2,2.3,2.2,,4.5,,,SQV
46I,50V,54V,90M,,,,93,1000,5,31,47,94,0.5,30,TPV
46I,54V,76V,82T,,,,31,8.2,500,17,7.7,500,1.4,3.6,TPV
32I,46I,47A,,,,,49,0.8,26,45,8.8,165,3.1,9.3,SQV
32I,54L,84V,90M,,,,67,33,18,300,260,54,5.5,192,TPV
46I,54M,90M,,,,,24,15,13,58,,17,,,IDV
30N,54V,82A,,,,,335,23,26,26,26,73,3.3,3.5,TPV
46I,50V,90M,,,,,19,21,9.1,56,2.5,39,,,ATV
46I,76V,82A,,,,,3.8,0.4,18,4.3,1.2,23,,,SQV
32I,90M,,,,,,10,2.8,3.1,3.1,5.1,1.2,1.1,1.1,TPV
46L,54L,84V,90M,,,,59,100,10,88,,28,,,IDV
46I,54L,90M,,,,,14,1.4,3.8,12,5.2,33,0.4,3.8,TPV
46L,54V,82T,,,,,68,62,44,12,63,72,6.3,,TPV
46I,54L,76V,84V,,,,3.2,1.4,7.1,30,2.3,80,0.5,,TPV
30N,84V,90M,,,,,600,700,19,29,98,29,3.1,7.2,TPV
50V,54V,82A,,,,,19,337,19,43,12,106,0.3,,TPV
30N,50L,,,,,,6,,0.1,0.1,22,,,,IDV
54L,82A,84V,90M,,,,60,158,24,90,180,80,17,22,TPV
46L,54L,82A,,,,,11,2.4,7.2,12,14,15,2.1,,TPV
46I,54V,76V,90M,,,,1.6,0.6,8.7,2.9,,461,0.8,,SQV
48V,54V,82A,84V,90M,,,113,1000,102,30,,122,,,FPV
48V,50V,54S,82A,,,,202,293,224,112,112,324,0.9,,TPV
84C,,,,,,,67,37,2.7,7.4,5,2.2,,,LPV
32I,46I,84V,90M,,,,200,200,55,200,200,108,11,,TPV
46L,54V,82T,84V,,,,25,37,52,19,53,59,200,5.6,DRV
46L,54M,84V,90M,,,,55,66,22,148,395,70,11,314,TPV
46I,48V,54S,82A,,,,23,1000,115,11,110,139,2.6,2,DRV
46I,82A,84V,90M,,,,38,99,20,26,122,48,6,,TPV
32I,46I,47V,54L,84V,,,1.7,1.2,3.6,132,17,500,3,126,SQV
32I,46I,47V,84V,,,,31,6,17,41,40,77,16,25,SQV
46L,54V,82T,90M,,,,42,54,47,10,32,87,12,,FPV
82L,90M,,,,,,2.6,1.2,1.4,,,1.2,,,SQV
46I,50V,76V,,,,,1.3,0.9,1,6,1,10,0.8,1,TPV
32I,46I,54L,84V,90M,,,43,50,22,142,258,86,3.5,204,TPV
46L,54M,82A,90M,,,,61,31,61,65,74,98,3,3.5,TPV
82F,90M,,,,,,22,1.3,15,5.7,6.1,12,1.7,,SQV
46I,84A,,,,,,600,628,65,32,52,14,,,LPV
46I,50L,54V,82A,90M,,,9.7,3.1,8.2,5,142,13,1.1,1.7,TPV
46I,48V,50V,54T,82A,,,53,1000,160,130,49,500,1.7,54,TPV
46I,76V,82F,,,,,6.5,0.5,21,27,0.6,54,,,SQV
32I,46L,54V,82A,90M,,,198,211,119,40,191,102,4.9,,TPV
46I,54M,84V,,,,,19,15,8.2,99,21,29,2.2,27,TPV
30N,84V,,,,,,152,40,8.2,6.7,35,11,,,FPV
46L,82A,84V,90M,,,,20,43,15,18,49,31,14,15,TPV
32I,47V,90M,,,,,78,51,67,400,157,500,800,200,SQV
32I,47V,82A,,,,,2.1,0.2,3.3,2.1,,2.7,0.4,0.5,SQV
32I,54L,84V,,,,,8,2.3,3.9,57,17,15,4.6,35,SQV
46L,48V,54T,82A,90M,,,600,1000,500,36,700,263,3.6,10,TPV
46I,47A,84V,90M,,,,92,25,73,129,37,500,10,35,TPV
32I,47V,54L,90M,,,,32,15,19,43,,67,,,SQV
46L,48V,54V,82A,84V,90M,,36,,17,20,,82,,,IDV
32I,46I,47A,82A,,,,28,0.6,50,55,19,500,6.3,132,SQV
30N,54L,84V,90M,,,,217,104,7.4,400,50,28,1,51,TPV
46I,48V,50V,54S,82A,,,113,1000,400,90,100,500,1.6,39,TPV
30N,82A,,,,,,45,2.3,1.8,1.2,2.5,1.2,,,FPV
32I,46L,54L,84V,90M,,,77,63,21,200,109,91,7.4,200,TPV
46L,54V,82C,90M,,,,178,,58,17,,93,,,FPV
54V,82S,90M,,,,,32,9.4,16,2.8,11,51,4.1,,FPV
32I,46I,47V,54M,82T,90M,,16,15,57,114,70,287,200,75,SQV
82S,,,,,,,15,1.6,18,13,13,38,8.9,,SQV
46I,54L,84V,,,,,9.7,4.9,2.5,7.5,2.1,2.5,1.4,,TPV
46I,50L,54V,82A,,,,8.3,1.6,4.2,2.6,76,3.6,,,SQV
46I,82F,84V,,,,,204,79,54,,172,256,,,IDV
46L,54L,90M,,,,,22,15,4.4,25,13,8,1.3,12,TPV
30N,46L,54V,82A,90M,,,600,1000,57,8,51,97,1.1,1.1,TPV
46L,54L,,,,,,3.6,2.4,2.9,5.1,3,5,0.8,2.4,TPV
30N,46I,54V,,,,,500,14,6.1,4.2,,,,,FPV
32I,46I,47V,54V,84V,90M,,97,62,59,140,347,500,200,114,IDV
32I,46I,54M,82A,90M,,,47,3.5,21,57,69,33,4.4,,SQV
46I,54V,76V,82A,84V,,,6.5,2.8,,34,5.8,83,,,SQV
32I,46I,47V,54M,84V,,,26,14,19,126,56,130,4.3,,TPV
32I,46I,54L,82A,90M,,,128,400,23,34,112,72,93,,IDV
32I,54V,82A,90M,,,,124,26,9.3,7.7,42,21,5.8,3.1,DRV
30N,46I,54L,90M,,,,550,45,6.8,28,,,,,IDV
48V,54A,82A,90M,,,,214,280,209,25,336,260,1.3,,TPV
30N,46L,54V,90M,,,,600,87,14,1.8,34,7.9,,,FPV
46L,76V,,,,,,1.1,0.8,4.4,9.6,0.6,9.8,0.4,,TPV
32I,54V,84V,90M,,,,53,523,39,400,108,283,9.8,130,TPV
32I,46I,47V,82T,90M,,,114,59,400,44,187,139,,,FPV
50V,90M,,,,,,10,8.4,2.9,13,2,12,,,ATV
46L,48M,54S,82A,,,,50,256,66,18,54,91,6.1,,TPV
32I,46I,47A,82A,90M,,,24,1,124,47,9.6,500,4,11,SQV
46I,54V,84A,,,,,398,1000,148,37,477,63,,,FPV
46I,84V,88S,,,,,66,12,12,0.3,31,,,,FPV
30N,54L,84V,,,,,72,6.9,2.8,1.1,12,,,,FPV
32I,82A,90M,,,,,23,4.9,14,15,9.3,16,1,,TPV
54M,82A,,,,,,7.7,1.9,5,22,4,11,1.1,1.2,TPV
46L,48S,54V,82A,,,,87,209,17,3.1,,102,,,FPV
48V,50V,54T,82A,,,,115,271,121,97,82,286,0.9,,TPV
46I,54V,82F,84V,,,,25,49,23,52,14,136,,,ATV
46I,47V,54V,82C,90M,,,67,400,9.4,40,58,116,29,,IDV
48V,50V,54A,82A,90M,,,441,633,367,76,134,4.7,0.8,14,TPV
54M,84V,,,,,,8.2,9.1,6.6,6.5,9.8,3.5,0.7,,TPV
46L,50V,82A,,,,,7.3,6.8,4.3,101,3.4,55,2.9,,TPV
46I,84C,,,,,,86,68,6.4,12,,2.9,,,LPV
54V,82L,,,,,,4.4,0.8,2,2.5,3.2,3.9,8.4,1.1,SQV
46L,54L,82T,90M,,,,12,10,16,13,14,11,,,SQV
46I,54S,82A,90M,,,,156,280,176,72,101,148,10,,TPV
54M,82M,90M,,,,,13,2,8.6,21,13,5.9,3,,SQV
32I,54V,90M,,,,,69,59,31,14,96,15,2,8,TPV
54L,82A,,,,,,26,36,14,24,73,37,1.2,,TPV
32I,46I,82A,84V,,,,7.8,3.8,7.7,16,45,19,7.9,12,SQV
46L,48V,54V,82S,90M,,,600,1000,500,15,700,500,4.8,3.1,DRV
48M,54V,82A,84V,,,,132,1000,76,26,700,130,2,24,TPV
46I,48V,54T,82A,90M,,,118,267,160,6.9,105,49,1,,TPV
46L,54M,90M,,,,,32,3.7,8.3,9.9,,,,,SQV
32I,84V,90M,,,,,26,13,13,20,61,10,2.1,13,TPV
32I,46I,54M,82A,,,,29,1.8,20,31,,,,,SQV
46I,47V,90M,,,,,17,2.8,8.6,3.9,3.1,15,2.9,3,SQV
32I,54L,82T,90M,,,,26,13,21,17,26,14,0.4,,TPV
48M,50V,54A,82A,,,,89,200,200,46,200,200,1.3,33,TPV
46I,47V,76V,84A,,,,210,69,152,141,21,104,,,ATV
30N,32I,46I,47V,54L,84V,90M,,,36,,,,7.5,491,TPV
46I,76V,84A,,,,,332,145,219,137,,54,,,LPV
46I,50V,82T,90M,,,,19,18,18,37,,100,,,SQV
30N,46I,54L,84V,90M,,,,,21,116,178,78,0.9,,TPV
32I,46I,82A,84V,90M,,,54,47,42,73,700,83,17,53,TPV
46I,54L,82T,,,,,8.9,2.9,5.4,1.8,12,,0.7,0.8,TPV
32I,54V,82T,90M,,,,63,57,49,9.7,62,32,,,FPV
46L,84C,,,,,,395,92,11,20,,3.1,,,LPV
32I,46I,54M,90M,,,,45,31,,30,59,13,,,LPV
46L,82L,,,,,,1.3,0.5,0.7,2.1,,0.8,,,SQV
46L,54V,82T,84V,90M,,,86,503,116,82,355,110,103,0.9,DRV
46I,54M,84A,,,,,600,1000,400,400,700,59,,,LPV
46I,54V,88S,90M,,,,600,132,79,1.4,265,56,9.1,2,FPV
46I,54V,82M,,,,,12,1.1,8.6,4.5,10,16,,,SQV
54L,76V,84V,90M,,,,26,66,51,83,46,135,0.7,45,TPV
48V,54T,82T,,,,,52,250,138,4.9,75,46,2.9,,TPV
46L,54L,84C,,,,,70,115,5.5,30,9.1,2.3,,,LPV
48M,54S,82A,,,,,62,209,93,23,8.3,129,3.8,2.4,DRV
46I,54V,82L,90M,,,,138,11,56,17,130,45,200,5.7,DRV
32I,46I,54M,84V,90M,,,32,20,54,200,204,98,4.2,117,TPV
46I,54M,76V,82A,,,,8.1,1,26,33,1.8,70,,,SQV
32I,46I,47V,82C,90M,,,25,15,15,21,24,78,,,SQV
54L,82F,90M,,,,,95,4.8,49,43,28,61,2.9,18,TPV
48V,54T,82A,84V,,,,69,1000,312,42,357,85,4.2,14,TPV
32I,46I,47V,54L,82C,90M,,33,8.7,23,87,27,145,1.5,80,TPV
32I,46L,47V,54M,84V,90M,,600,86,177,400,700,500,800,200,SQV
48L,54V,82A,90M,,,,47,293,50,7.1,143,116,1.2,,TPV
32I,46L,47V,54M,90M,,,44,18,43,56,46,70,9.5,,TPV
30N,46L,54L,,,,,133,21,1.4,8.2,35,4.6,0.2,1.7,TPV
46L,48M,54M,82A,84V,,,7.2,79,8.2,47,24,41,4.5,13,TPV
32I,46I,47V,50L,82T,90M,,8.3,1.3,13,2.2,161,8,4.5,0.7,DRV
48V,50V,54A,82T,,,,29,1000,97,6.1,17,118,0.6,2.2,TPV