MUTANTS,SQV,NFV,IDV,FPV,ATV,LPV,TPV,DRV
30N,0,0,0.0909,0.2727,0,0.0455,0.5,0.0909
32I,0.3684,0,0.0351,0.0526,0,0.0175,0.4561,0.0702
46I,0.2481,0,0.0698,0.093,0.0388,0.0465,0.4109,0.093
46L,0.1091,0,0.0364,0,0.0182,0.0364,0.4545,0.1636
47A,0.75,0,0,0,0,0,0.25,0
47V,0.3714,0,0.0857,0.0286,0.0286,0,0.4,0.0857
48S,0,0,0,1,0,0,0,0
48L,0,0,0,10,0,0,1,0
48M,0,0,0,0.1667,0,0,0.6667,0.1667
48V,0,0,0.0333,0.1667,0,0.0333,0.6333,0.1333
50L,0.2857,0.1429,0.1429,0,0,0,0.1429,0.2857
50V,0.0588,0,0.0588,0,0.1765,0,0.7059,0
54A,0,0,0,0.1429,0,0,0.8571,0
54T,0,0,0,0.1,0,0,0.9,0
54S,0,0,0,0,0,0,0.75,0.25
54L,0.122,0,0.0976,0.0244,0,0.0244,0.7317,0
54M,0.3846,0,0.0769,0,0,0.0769,0.4231,0.0385
54V,0.086,0,0.043,0.2043,0.0323,0,0.3763,0.2581
76V,0.3478,0,0,0,0.1304,0.0435,0.4783,0
82A,0,0,0.0273,0.1,0.0182,0,0.5636,0.1455
82C,0,0,0.25,0,0,0,0.25,0
82F,0.5714,0,0.0714,0,0.0714,0,0.2143,0.0714
82L,0.6,0,0.2,0,0,0,0,0.2
82M,1,0,0,0,0,0,0,0
82T,0.1481,0,0,0.2963,0,0,0.2593,0.2963
82S,0.2,0,0,0.4,0,0,0.2,0.2
84A,3.2,0,0,0.2,0.2,0.6,0,0
84C,0.25,0,0,0.25,0,1,0,0
84V,0.0976,0,0.1098,0.122,0.0122,0,0.5244,0.1341
88S,0,0,0,1,0,0,0,0
90M,0.1301,0,0.0616,0.137,0.0274,0.0205,0.4658,0.1575
,,,,,,,,
,,,,,,,,
,,,,,,,,
,,,,,,,,
,,,,,,,,