Mutation 1 Num,Mutation 1 Alpha,Mutation 2 Num,Mutation 2 Alpha,Mutation 3 Num,Mutation 3 Alpha,Mutation 4 Num,Mutation 4 Alpha,Mutation 5 Num,Mutation 5 Alpha,Mutation 6 Num,Mutation 6 Alpha,Mutation 7 Num,Mutation 7 Alpha,NFV
90.00,6.00,0.00,0.00,0.00,0.00,0.00,0.00,0.00,0.00,0.00,0.00,0.00,0.00,7.30
30.00,7.00,0.00,0.00,0.00,0.00,0.00,0.00,0.00,0.00,0.00,0.00,0.00,0.00,40.00
46.00,4.00,90.00,6.00,0.00,0.00,0.00,0.00,0.00,0.00,0.00,0.00,0.00,0.00,22.00
46.00,4.00,0.00,0.00,0.00,0.00,0.00,0.00,0.00,0.00,0.00,0.00,0.00,0.00,11.00
54.00,11.00,82.00,1.00,90.00,6.00,0.00,0.00,0.00,0.00,0.00,0.00,0.00,0.00,57.00
54.00,11.00,82.00,1.00,0.00,0.00,0.00,0.00,0.00,0.00,0.00,0.00,0.00,0.00,9.40
46.00,5.00,0.00,0.00,0.00,0.00,0.00,0.00,0.00,0.00,0.00,0.00,0.00,0.00,8.20
46.00,5.00,54.00,11.00,82.00,1.00,0.00,0.00,0.00,0.00,0.00,0.00,0.00,0.00,39.00
46.00,4.00,54.00,11.00,82.00,1.00,0.00,0.00,0.00,0.00,0.00,0.00,0.00,0.00,16.00
46.00,4.00,84.00,11.00,90.00,6.00,0.00,0.00,0.00,0.00,0.00,0.00,0.00,0.00,48.00
46.00,5.00,54.00,11.00,82.00,1.00,90.00,6.00,0.00,0.00,0.00,0.00,0.00,0.00,40.00
84.00,11.00,90.00,6.00,0.00,0.00,0.00,0.00,0.00,0.00,0.00,0.00,0.00,0.00,19.00
46.00,4.00,54.00,11.00,84.00,11.00,90.00,6.00,0.00,0.00,0.00,0.00,0.00,0.00,86.00
46.00,4.00,54.00,11.00,82.00,1.00,90.00,6.00,0.00,0.00,0.00,0.00,0.00,0.00,49.00
82.00,1.00,0.00,0.00,0.00,0.00,0.00,0.00,0.00,0.00,0.00,0.00,0.00,0.00,2.10
88.00,9.00,0.00,0.00,0.00,0.00,0.00,0.00,0.00,0.00,0.00,0.00,0.00,0.00,7.70
46.00,4.00,54.00,11.00,76.00,11.00,82.00,1.00,0.00,0.00,0.00,0.00,0.00,0.00,11.00
54.00,11.00,84.00,11.00,90.00,6.00,0.00,0.00,0.00,0.00,0.00,0.00,0.00,0.00,144.00
54.00,11.00,90.00,6.00,0.00,0.00,0.00,0.00,0.00,0.00,0.00,0.00,0.00,0.00,34.00
30.00,7.00,90.00,6.00,0.00,0.00,0.00,0.00,0.00,0.00,0.00,0.00,0.00,0.00,74.00
50.00,5.00,0.00,0.00,0.00,0.00,0.00,0.00,0.00,0.00,0.00,0.00,0.00,0.00,0.30
84.00,11.00,0.00,0.00,0.00,0.00,0.00,0.00,0.00,0.00,0.00,0.00,0.00,0.00,2.50
46.00,4.00,88.00,9.00,0.00,0.00,0.00,0.00,0.00,0.00,0.00,0.00,0.00,0.00,18.00
46.00,5.00,82.00,1.00,0.00,0.00,0.00,0.00,0.00,0.00,0.00,0.00,0.00,0.00,6.10
54.00,11.00,0.00,0.00,0.00,0.00,0.00,0.00,0.00,0.00,0.00,0.00,0.00,0.00,18.00
30.00,7.00,46.00,4.00,0.00,0.00,0.00,0.00,0.00,0.00,0.00,0.00,0.00,0.00,25.00
82.00,1.00,90.00,6.00,0.00,0.00,0.00,0.00,0.00,0.00,0.00,0.00,0.00,0.00,6.10
46.00,4.00,84.00,11.00,0.00,0.00,0.00,0.00,0.00,0.00,0.00,0.00,0.00,0.00,13.00
46.00,5.00,90.00,6.00,0.00,0.00,0.00,0.00,0.00,0.00,0.00,0.00,0.00,0.00,15.00
48.00,11.00,54.00,11.00,82.00,1.00,0.00,0.00,0.00,0.00,0.00,0.00,0.00,0.00,29.00
46.00,4.00,54.00,11.00,82.00,3.00,90.00,6.00,0.00,0.00,0.00,0.00,0.00,0.00,110.00
54.00,5.00,84.00,11.00,90.00,6.00,0.00,0.00,0.00,0.00,0.00,0.00,0.00,0.00,50.00
46.00,4.00,82.00,1.00,0.00,0.00,0.00,0.00,0.00,0.00,0.00,0.00,0.00,0.00,67.00
46.00,4.00,47.00,11.00,54.00,11.00,84.00,11.00,90.00,6.00,0.00,0.00,0.00,0.00,237.00
32.00,4.00,46.00,4.00,82.00,1.00,90.00,6.00,0.00,0.00,0.00,0.00,0.00,0.00,25.00
46.00,5.00,54.00,11.00,84.00,11.00,90.00,6.00,0.00,0.00,0.00,0.00,0.00,0.00,89.00
32.00,4.00,46.00,4.00,47.00,11.00,54.00,6.00,82.00,1.00,90.00,6.00,0.00,0.00,138.00
46.00,5.00,54.00,11.00,82.00,1.00,84.00,11.00,0.00,0.00,0.00,0.00,0.00,0.00,17.00
46.00,4.00,54.00,11.00,82.00,1.00,84.00,11.00,0.00,0.00,0.00,0.00,0.00,0.00,25.00
48.00,11.00,54.00,10.00,82.00,1.00,0.00,0.00,0.00,0.00,0.00,0.00,0.00,0.00,111.00
46.00,4.00,54.00,11.00,84.00,11.00,0.00,0.00,0.00,0.00,0.00,0.00,0.00,0.00,58.00
46.00,4.00,54.00,11.00,76.00,11.00,82.00,1.00,90.00,6.00,0.00,0.00,0.00,0.00,29.00
54.00,11.00,82.00,3.00,90.00,6.00,0.00,0.00,0.00,0.00,0.00,0.00,0.00,0.00,34.00
46.00,4.00,54.00,11.00,82.00,1.00,84.00,11.00,90.00,6.00,0.00,0.00,0.00,0.00,94.00
48.00,11.00,54.00,11.00,82.00,1.00,90.00,6.00,0.00,0.00,0.00,0.00,0.00,0.00,35.00
46.00,4.00,50.00,11.00,54.00,11.00,82.00,1.00,90.00,6.00,0.00,0.00,0.00,0.00,154.00
54.00,11.00,82.00,1.00,84.00,11.00,90.00,6.00,0.00,0.00,0.00,0.00,0.00,0.00,47.00
46.00,4.00,76.00,11.00,0.00,0.00,0.00,0.00,0.00,0.00,0.00,0.00,0.00,0.00,3.00
54.00,5.00,90.00,6.00,0.00,0.00,0.00,0.00,0.00,0.00,0.00,0.00,0.00,0.00,9.20
32.00,4.00,46.00,4.00,47.00,11.00,54.00,5.00,84.00,11.00,90.00,6.00,0.00,0.00,65.00
46.00,5.00,54.00,11.00,82.00,1.00,84.00,11.00,90.00,6.00,0.00,0.00,0.00,0.00,42.00
54.00,5.00,0.00,0.00,0.00,0.00,0.00,0.00,0.00,0.00,0.00,0.00,0.00,0.00,2.50
46.00,5.00,84.00,11.00,90.00,6.00,0.00,0.00,0.00,0.00,0.00,0.00,0.00,0.00,19.00
46.00,4.00,54.00,11.00,82.00,9.00,0.00,0.00,0.00,0.00,0.00,0.00,0.00,0.00,60.00
32.00,4.00,46.00,4.00,82.00,1.00,0.00,0.00,0.00,0.00,0.00,0.00,0.00,0.00,11.00
32.00,4.00,46.00,4.00,47.00,11.00,54.00,11.00,82.00,1.00,90.00,6.00,0.00,0.00,44.00
54.00,11.00,82.00,10.00,90.00,6.00,0.00,0.00,0.00,0.00,0.00,0.00,0.00,0.00,27.00
46.00,4.00,54.00,11.00,82.00,10.00,90.00,6.00,0.00,0.00,0.00,0.00,0.00,0.00,123.00
32.00,4.00,46.00,4.00,47.00,11.00,82.00,1.00,0.00,0.00,0.00,0.00,0.00,0.00,13.00
46.00,4.00,47.00,11.00,54.00,11.00,82.00,1.00,0.00,0.00,0.00,0.00,0.00,0.00,16.00
54.00,11.00,82.00,10.00,0.00,0.00,0.00,0.00,0.00,0.00,0.00,0.00,0.00,0.00,27.00
32.00,4.00,46.00,4.00,47.00,11.00,82.00,1.00,90.00,6.00,0.00,0.00,0.00,0.00,72.00
46.00,5.00,82.00,1.00,90.00,6.00,0.00,0.00,0.00,0.00,0.00,0.00,0.00,0.00,9.60
46.00,4.00,54.00,11.00,90.00,6.00,0.00,0.00,0.00,0.00,0.00,0.00,0.00,0.00,200.00
50.00,5.00,82.00,1.00,0.00,0.00,0.00,0.00,0.00,0.00,0.00,0.00,0.00,0.00,0.70
46.00,4.00,54.00,11.00,82.00,10.00,84.00,11.00,0.00,0.00,0.00,0.00,0.00,0.00,89.00
46.00,5.00,54.00,11.00,76.00,11.00,82.00,1.00,0.00,0.00,0.00,0.00,0.00,0.00,17.00
82.00,5.00,0.00,0.00,0.00,0.00,0.00,0.00,0.00,0.00,0.00,0.00,0.00,0.00,0.90
32.00,4.00,0.00,0.00,0.00,0.00,0.00,0.00,0.00,0.00,0.00,0.00,0.00,0.00,7.70
46.00,5.00,48.00,11.00,54.00,11.00,82.00,1.00,0.00,0.00,0.00,0.00,0.00,0.00,99.00
54.00,11.00,84.00,11.00,0.00,0.00,0.00,0.00,0.00,0.00,0.00,0.00,0.00,0.00,62.00
54.00,11.00,82.00,1.00,84.00,11.00,0.00,0.00,0.00,0.00,0.00,0.00,0.00,0.00,13.00
82.00,3.00,0.00,0.00,0.00,0.00,0.00,0.00,0.00,0.00,0.00,0.00,0.00,0.00,4.10
46.00,4.00,54.00,5.00,84.00,11.00,90.00,6.00,0.00,0.00,0.00,0.00,0.00,0.00,43.00
46.00,4.00,76.00,11.00,84.00,11.00,0.00,0.00,0.00,0.00,0.00,0.00,0.00,0.00,5.80
46.00,4.00,54.00,6.00,84.00,11.00,90.00,6.00,0.00,0.00,0.00,0.00,0.00,0.00,59.00
30.00,7.00,54.00,11.00,90.00,6.00,0.00,0.00,0.00,0.00,0.00,0.00,0.00,0.00,200.00
46.00,4.00,54.00,11.00,82.00,10.00,84.00,11.00,90.00,6.00,0.00,0.00,0.00,0.00,86.00
32.00,4.00,46.00,5.00,82.00,1.00,0.00,0.00,0.00,0.00,0.00,0.00,0.00,0.00,4.50
46.00,4.00,54.00,11.00,82.00,10.00,0.00,0.00,0.00,0.00,0.00,0.00,0.00,0.00,7.90
48.00,11.00,54.00,11.00,82.00,1.00,84.00,11.00,0.00,0.00,0.00,0.00,0.00,0.00,18.00
46.00,4.00,50.00,11.00,0.00,0.00,0.00,0.00,0.00,0.00,0.00,0.00,0.00,0.00,3.30
54.00,11.00,82.00,3.00,0.00,0.00,0.00,0.00,0.00,0.00,0.00,0.00,0.00,0.00,57.00
50.00,11.00,0.00,0.00,0.00,0.00,0.00,0.00,0.00,0.00,0.00,0.00,0.00,0.00,3.00
32.00,4.00,46.00,4.00,47.00,11.00,90.00,6.00,0.00,0.00,0.00,0.00,0.00,0.00,6.20
46.00,4.00,82.00,10.00,0.00,0.00,0.00,0.00,0.00,0.00,0.00,0.00,0.00,0.00,13.00
54.00,5.00,82.00,1.00,90.00,6.00,0.00,0.00,0.00,0.00,0.00,0.00,0.00,0.00,25.00
48.00,11.00,54.00,9.00,82.00,1.00,0.00,0.00,0.00,0.00,0.00,0.00,0.00,0.00,119.00
46.00,4.00,50.00,5.00,82.00,1.00,0.00,0.00,0.00,0.00,0.00,0.00,0.00,0.00,1.10
46.00,5.00,54.00,11.00,76.00,11.00,82.00,1.00,90.00,6.00,0.00,0.00,0.00,0.00,6.80
32.00,4.00,46.00,4.00,47.00,11.00,54.00,6.00,84.00,11.00,90.00,6.00,0.00,0.00,45.00
48.00,11.00,90.00,6.00,0.00,0.00,0.00,0.00,0.00,0.00,0.00,0.00,0.00,0.00,5.30
32.00,4.00,46.00,4.00,47.00,11.00,54.00,5.00,82.00,1.00,90.00,6.00,0.00,0.00,44.00
54.00,11.00,76.00,11.00,82.00,1.00,0.00,0.00,0.00,0.00,0.00,0.00,0.00,0.00,10.00
46.00,5.00,54.00,5.00,82.00,1.00,90.00,6.00,0.00,0.00,0.00,0.00,0.00,0.00,13.00
46.00,5.00,54.00,11.00,84.00,11.00,0.00,0.00,0.00,0.00,0.00,0.00,0.00,0.00,426.00
46.00,4.00,76.00,11.00,84.00,11.00,90.00,6.00,0.00,0.00,0.00,0.00,0.00,0.00,12.00
46.00,4.00,82.00,1.00,90.00,6.00,0.00,0.00,0.00,0.00,0.00,0.00,0.00,0.00,20.00
46.00,4.00,82.00,10.00,90.00,6.00,0.00,0.00,0.00,0.00,0.00,0.00,0.00,0.00,29.00
46.00,4.00,82.00,10.00,84.00,11.00,0.00,0.00,0.00,0.00,0.00,0.00,0.00,0.00,3.90
32.00,4.00,46.00,4.00,47.00,11.00,54.00,6.00,82.00,1.00,0.00,0.00,0.00,0.00,25.00
46.00,4.00,88.00,9.00,90.00,6.00,0.00,0.00,0.00,0.00,0.00,0.00,0.00,0.00,67.00
88.00,9.00,90.00,6.00,0.00,0.00,0.00,0.00,0.00,0.00,0.00,0.00,0.00,0.00,97.00
46.00,4.00,82.00,1.00,84.00,11.00,0.00,0.00,0.00,0.00,0.00,0.00,0.00,0.00,4.40
48.00,11.00,54.00,10.00,82.00,1.00,90.00,6.00,0.00,0.00,0.00,0.00,0.00,0.00,165.00
48.00,11.00,82.00,1.00,0.00,0.00,0.00,0.00,0.00,0.00,0.00,0.00,0.00,0.00,7.50
54.00,11.00,82.00,10.00,84.00,11.00,90.00,6.00,0.00,0.00,0.00,0.00,0.00,0.00,72.00
46.00,4.00,47.00,11.00,54.00,6.00,84.00,11.00,90.00,6.00,0.00,0.00,0.00,0.00,40.00
30.00,7.00,46.00,4.00,54.00,11.00,82.00,1.00,0.00,0.00,0.00,0.00,0.00,0.00,600.00
32.00,4.00,47.00,11.00,0.00,0.00,0.00,0.00,0.00,0.00,0.00,0.00,0.00,0.00,3.90
54.00,6.00,0.00,0.00,0.00,0.00,0.00,0.00,0.00,0.00,0.00,0.00,0.00,0.00,4.70
46.00,5.00,48.00,11.00,54.00,11.00,82.00,1.00,84.00,11.00,0.00,0.00,0.00,0.00,64.00
46.00,5.00,84.00,11.00,0.00,0.00,0.00,0.00,0.00,0.00,0.00,0.00,0.00,0.00,4.30
54.00,11.00,82.00,9.00,0.00,0.00,0.00,0.00,0.00,0.00,0.00,0.00,0.00,0.00,15.00
32.00,4.00,46.00,4.00,47.00,11.00,0.00,0.00,0.00,0.00,0.00,0.00,0.00,0.00,8.00
46.00,5.00,48.00,11.00,54.00,11.00,82.00,1.00,90.00,6.00,0.00,0.00,0.00,0.00,44.00
46.00,4.00,82.00,3.00,90.00,6.00,0.00,0.00,0.00,0.00,0.00,0.00,0.00,0.00,50.00
54.00,1.00,82.00,1.00,0.00,0.00,0.00,0.00,0.00,0.00,0.00,0.00,0.00,0.00,184.00
54.00,11.00,82.00,10.00,84.00,11.00,0.00,0.00,0.00,0.00,0.00,0.00,0.00,0.00,21.00
46.00,4.00,76.00,11.00,90.00,6.00,0.00,0.00,0.00,0.00,0.00,0.00,0.00,0.00,7.20
46.00,4.00,54.00,11.00,82.00,3.00,0.00,0.00,0.00,0.00,0.00,0.00,0.00,0.00,19.00
30.00,7.00,46.00,4.00,90.00,6.00,0.00,0.00,0.00,0.00,0.00,0.00,0.00,0.00,121.00
46.00,5.00,48.00,11.00,54.00,10.00,82.00,1.00,0.00,0.00,0.00,0.00,0.00,0.00,139.00
32.00,4.00,47.00,11.00,54.00,6.00,90.00,6.00,0.00,0.00,0.00,0.00,0.00,0.00,63.00
46.00,4.00,54.00,11.00,76.00,11.00,82.00,3.00,0.00,0.00,0.00,0.00,0.00,0.00,16.00
54.00,5.00,84.00,11.00,0.00,0.00,0.00,0.00,0.00,0.00,0.00,0.00,0.00,0.00,8.20
32.00,4.00,46.00,4.00,47.00,11.00,54.00,5.00,90.00,6.00,0.00,0.00,0.00,0.00,74.00
46.00,4.00,54.00,11.00,76.00,11.00,82.00,3.00,90.00,6.00,0.00,0.00,0.00,0.00,66.00
32.00,4.00,46.00,5.00,82.00,1.00,90.00,6.00,0.00,0.00,0.00,0.00,0.00,0.00,22.00
82.00,1.00,84.00,11.00,0.00,0.00,0.00,0.00,0.00,0.00,0.00,0.00,0.00,0.00,13.00
46.00,4.00,82.00,10.00,84.00,11.00,90.00,6.00,0.00,0.00,0.00,0.00,0.00,0.00,23.00
30.00,7.00,54.00,5.00,90.00,6.00,0.00,0.00,0.00,0.00,0.00,0.00,0.00,0.00,156.00
48.00,6.00,54.00,11.00,82.00,1.00,90.00,6.00,0.00,0.00,0.00,0.00,0.00,0.00,372.00
54.00,1.00,82.00,1.00,90.00,6.00,0.00,0.00,0.00,0.00,0.00,0.00,0.00,0.00,136.00
46.00,4.00,54.00,5.00,82.00,1.00,90.00,6.00,0.00,0.00,0.00,0.00,0.00,0.00,250.00
46.00,5.00,88.00,9.00,0.00,0.00,0.00,0.00,0.00,0.00,0.00,0.00,0.00,0.00,12.00
48.00,11.00,82.00,1.00,90.00,6.00,0.00,0.00,0.00,0.00,0.00,0.00,0.00,0.00,25.00
46.00,4.00,48.00,11.00,54.00,10.00,82.00,1.00,0.00,0.00,0.00,0.00,0.00,0.00,106.00
30.00,7.00,54.00,11.00,82.00,1.00,90.00,6.00,0.00,0.00,0.00,0.00,0.00,0.00,600.00
46.00,5.00,48.00,11.00,54.00,9.00,82.00,1.00,0.00,0.00,0.00,0.00,0.00,0.00,99.00
46.00,4.00,54.00,1.00,82.00,1.00,90.00,6.00,0.00,0.00,0.00,0.00,0.00,0.00,89.00
46.00,4.00,47.00,11.00,54.00,11.00,84.00,11.00,0.00,0.00,0.00,0.00,0.00,0.00,23.00
46.00,4.00,82.00,3.00,0.00,0.00,0.00,0.00,0.00,0.00,0.00,0.00,0.00,0.00,7.40
46.00,4.00,50.00,11.00,54.00,11.00,90.00,6.00,0.00,0.00,0.00,0.00,0.00,0.00,93.00
46.00,4.00,54.00,11.00,76.00,11.00,82.00,10.00,0.00,0.00,0.00,0.00,0.00,0.00,31.00
32.00,4.00,46.00,4.00,47.00,1.00,0.00,0.00,0.00,0.00,0.00,0.00,0.00,0.00,49.00
32.00,4.00,54.00,5.00,84.00,11.00,90.00,6.00,0.00,0.00,0.00,0.00,0.00,0.00,67.00
46.00,4.00,54.00,6.00,90.00,6.00,0.00,0.00,0.00,0.00,0.00,0.00,0.00,0.00,24.00
30.00,7.00,54.00,11.00,82.00,1.00,0.00,0.00,0.00,0.00,0.00,0.00,0.00,0.00,335.00
46.00,4.00,50.00,11.00,90.00,6.00,0.00,0.00,0.00,0.00,0.00,0.00,0.00,0.00,19.00
46.00,4.00,76.00,11.00,82.00,1.00,0.00,0.00,0.00,0.00,0.00,0.00,0.00,0.00,3.80
32.00,4.00,90.00,6.00,0.00,0.00,0.00,0.00,0.00,0.00,0.00,0.00,0.00,0.00,10.00
46.00,5.00,54.00,5.00,84.00,11.00,90.00,6.00,0.00,0.00,0.00,0.00,0.00,0.00,59.00
46.00,4.00,54.00,5.00,90.00,6.00,0.00,0.00,0.00,0.00,0.00,0.00,0.00,0.00,14.00
46.00,5.00,54.00,11.00,82.00,10.00,0.00,0.00,0.00,0.00,0.00,0.00,0.00,0.00,68.00
46.00,4.00,54.00,5.00,76.00,11.00,84.00,11.00,0.00,0.00,0.00,0.00,0.00,0.00,3.20
30.00,7.00,84.00,11.00,90.00,6.00,0.00,0.00,0.00,0.00,0.00,0.00,0.00,0.00,600.00
50.00,11.00,54.00,11.00,82.00,1.00,0.00,0.00,0.00,0.00,0.00,0.00,0.00,0.00,19.00
30.00,7.00,50.00,5.00,0.00,0.00,0.00,0.00,0.00,0.00,0.00,0.00,0.00,0.00,6.00
54.00,5.00,82.00,1.00,84.00,11.00,90.00,6.00,0.00,0.00,0.00,0.00,0.00,0.00,60.00
46.00,5.00,54.00,5.00,82.00,1.00,0.00,0.00,0.00,0.00,0.00,0.00,0.00,0.00,11.00
46.00,4.00,54.00,11.00,76.00,11.00,90.00,6.00,0.00,0.00,0.00,0.00,0.00,0.00,1.60
48.00,11.00,54.00,11.00,82.00,1.00,84.00,11.00,90.00,6.00,0.00,0.00,0.00,0.00,113.00
48.00,11.00,50.00,11.00,54.00,9.00,82.00,1.00,0.00,0.00,0.00,0.00,0.00,0.00,202.00
84.00,2.00,0.00,0.00,0.00,0.00,0.00,0.00,0.00,0.00,0.00,0.00,0.00,0.00,67.00
32.00,4.00,46.00,4.00,84.00,11.00,90.00,6.00,0.00,0.00,0.00,0.00,0.00,0.00,200.00
46.00,5.00,54.00,11.00,82.00,10.00,84.00,11.00,0.00,0.00,0.00,0.00,0.00,0.00,25.00
46.00,5.00,54.00,6.00,84.00,11.00,90.00,6.00,0.00,0.00,0.00,0.00,0.00,0.00,55.00
46.00,4.00,48.00,11.00,54.00,9.00,82.00,1.00,0.00,0.00,0.00,0.00,0.00,0.00,23.00
46.00,4.00,82.00,1.00,84.00,11.00,90.00,6.00,0.00,0.00,0.00,0.00,0.00,0.00,38.00
32.00,4.00,46.00,4.00,47.00,11.00,54.00,5.00,84.00,11.00,0.00,0.00,0.00,0.00,1.70
32.00,4.00,46.00,4.00,47.00,11.00,84.00,11.00,0.00,0.00,0.00,0.00,0.00,0.00,31.00
46.00,5.00,54.00,11.00,82.00,10.00,90.00,6.00,0.00,0.00,0.00,0.00,0.00,0.00,42.00
82.00,5.00,90.00,6.00,0.00,0.00,0.00,0.00,0.00,0.00,0.00,0.00,0.00,0.00,2.60
46.00,4.00,50.00,11.00,76.00,11.00,0.00,0.00,0.00,0.00,0.00,0.00,0.00,0.00,1.30
32.00,4.00,46.00,4.00,54.00,5.00,84.00,11.00,90.00,6.00,0.00,0.00,0.00,0.00,43.00
46.00,5.00,54.00,6.00,82.00,1.00,90.00,6.00,0.00,0.00,0.00,0.00,0.00,0.00,61.00
82.00,3.00,90.00,6.00,0.00,0.00,0.00,0.00,0.00,0.00,0.00,0.00,0.00,0.00,22.00
46.00,4.00,84.00,1.00,0.00,0.00,0.00,0.00,0.00,0.00,0.00,0.00,0.00,0.00,600.00
46.00,4.00,50.00,5.00,54.00,11.00,82.00,1.00,90.00,6.00,0.00,0.00,0.00,0.00,9.70
46.00,4.00,48.00,11.00,50.00,11.00,54.00,10.00,82.00,1.00,0.00,0.00,0.00,0.00,53.00
46.00,4.00,76.00,11.00,82.00,3.00,0.00,0.00,0.00,0.00,0.00,0.00,0.00,0.00,6.50
32.00,4.00,46.00,5.00,54.00,11.00,82.00,1.00,90.00,6.00,0.00,0.00,0.00,0.00,198.00
46.00,4.00,54.00,6.00,84.00,11.00,0.00,0.00,0.00,0.00,0.00,0.00,0.00,0.00,19.00
30.00,7.00,84.00,11.00,0.00,0.00,0.00,0.00,0.00,0.00,0.00,0.00,0.00,0.00,152.00
46.00,5.00,82.00,1.00,84.00,11.00,90.00,6.00,0.00,0.00,0.00,0.00,0.00,0.00,20.00
32.00,4.00,47.00,11.00,90.00,6.00,0.00,0.00,0.00,0.00,0.00,0.00,0.00,0.00,78.00
32.00,4.00,47.00,11.00,82.00,1.00,0.00,0.00,0.00,0.00,0.00,0.00,0.00,0.00,2.10
32.00,4.00,54.00,5.00,84.00,11.00,0.00,0.00,0.00,0.00,0.00,0.00,0.00,0.00,8.00
46.00,5.00,48.00,11.00,54.00,10.00,82.00,1.00,90.00,6.00,0.00,0.00,0.00,0.00,600.00
46.00,4.00,47.00,1.00,84.00,11.00,90.00,6.00,0.00,0.00,0.00,0.00,0.00,0.00,92.00
32.00,4.00,47.00,11.00,54.00,5.00,90.00,6.00,0.00,0.00,0.00,0.00,0.00,0.00,32.00
46.00,5.00,48.00,11.00,54.00,11.00,82.00,1.00,84.00,11.00,90.00,6.00,0.00,0.00,36.00
32.00,4.00,46.00,4.00,47.00,1.00,82.00,1.00,0.00,0.00,0.00,0.00,0.00,0.00,28.00
30.00,7.00,54.00,5.00,84.00,11.00,90.00,6.00,0.00,0.00,0.00,0.00,0.00,0.00,217.00
46.00,4.00,48.00,11.00,50.00,11.00,54.00,9.00,82.00,1.00,0.00,0.00,0.00,0.00,113.00
30.00,7.00,82.00,1.00,0.00,0.00,0.00,0.00,0.00,0.00,0.00,0.00,0.00,0.00,45.00
32.00,4.00,46.00,5.00,54.00,5.00,84.00,11.00,90.00,6.00,0.00,0.00,0.00,0.00,77.00
46.00,5.00,54.00,11.00,82.00,2.00,90.00,6.00,0.00,0.00,0.00,0.00,0.00,0.00,178.00
54.00,11.00,82.00,9.00,90.00,6.00,0.00,0.00,0.00,0.00,0.00,0.00,0.00,0.00,32.00
32.00,4.00,46.00,4.00,47.00,11.00,54.00,6.00,82.00,10.00,90.00,6.00,0.00,0.00,16.00
82.00,9.00,0.00,0.00,0.00,0.00,0.00,0.00,0.00,0.00,0.00,0.00,0.00,0.00,15.00
46.00,4.00,54.00,5.00,84.00,11.00,0.00,0.00,0.00,0.00,0.00,0.00,0.00,0.00,9.70
46.00,4.00,50.00,5.00,54.00,11.00,82.00,1.00,0.00,0.00,0.00,0.00,0.00,0.00,8.30
46.00,4.00,82.00,3.00,84.00,11.00,0.00,0.00,0.00,0.00,0.00,0.00,0.00,0.00,204.00
46.00,5.00,54.00,5.00,90.00,6.00,0.00,0.00,0.00,0.00,0.00,0.00,0.00,0.00,22.00
30.00,7.00,46.00,5.00,54.00,11.00,82.00,1.00,90.00,6.00,0.00,0.00,0.00,0.00,600.00
46.00,5.00,54.00,5.00,0.00,0.00,0.00,0.00,0.00,0.00,0.00,0.00,0.00,0.00,3.60
30.00,7.00,46.00,4.00,54.00,11.00,0.00,0.00,0.00,0.00,0.00,0.00,0.00,0.00,500.00
32.00,4.00,46.00,4.00,47.00,11.00,54.00,11.00,84.00,11.00,90.00,6.00,0.00,0.00,97.00
32.00,4.00,46.00,4.00,54.00,6.00,82.00,1.00,90.00,6.00,0.00,0.00,0.00,0.00,47.00
46.00,4.00,54.00,11.00,76.00,11.00,82.00,1.00,84.00,11.00,0.00,0.00,0.00,0.00,6.50
32.00,4.00,46.00,4.00,47.00,11.00,54.00,6.00,84.00,11.00,0.00,0.00,0.00,0.00,26.00
32.00,4.00,46.00,4.00,54.00,5.00,82.00,1.00,90.00,6.00,0.00,0.00,0.00,0.00,128.00
32.00,4.00,54.00,11.00,82.00,1.00,90.00,6.00,0.00,0.00,0.00,0.00,0.00,0.00,124.00
30.00,7.00,46.00,4.00,54.00,5.00,90.00,6.00,0.00,0.00,0.00,0.00,0.00,0.00,550.00
48.00,11.00,54.00,1.00,82.00,1.00,90.00,6.00,0.00,0.00,0.00,0.00,0.00,0.00,214.00
30.00,7.00,46.00,5.00,54.00,11.00,90.00,6.00,0.00,0.00,0.00,0.00,0.00,0.00,600.00
46.00,5.00,76.00,11.00,0.00,0.00,0.00,0.00,0.00,0.00,0.00,0.00,0.00,0.00,1.10
32.00,4.00,54.00,11.00,84.00,11.00,90.00,6.00,0.00,0.00,0.00,0.00,0.00,0.00,53.00
32.00,4.00,46.00,4.00,47.00,11.00,82.00,10.00,90.00,6.00,0.00,0.00,0.00,0.00,114.00
50.00,11.00,90.00,6.00,0.00,0.00,0.00,0.00,0.00,0.00,0.00,0.00,0.00,0.00,10.00
46.00,5.00,48.00,6.00,54.00,9.00,82.00,1.00,0.00,0.00,0.00,0.00,0.00,0.00,50.00
32.00,4.00,46.00,4.00,47.00,1.00,82.00,1.00,90.00,6.00,0.00,0.00,0.00,0.00,24.00
46.00,4.00,54.00,11.00,84.00,1.00,0.00,0.00,0.00,0.00,0.00,0.00,0.00,0.00,398.00
46.00,4.00,84.00,11.00,88.00,9.00,0.00,0.00,0.00,0.00,0.00,0.00,0.00,0.00,66.00
30.00,7.00,54.00,5.00,84.00,11.00,0.00,0.00,0.00,0.00,0.00,0.00,0.00,0.00,72.00
32.00,4.00,82.00,1.00,90.00,6.00,0.00,0.00,0.00,0.00,0.00,0.00,0.00,0.00,23.00
54.00,6.00,82.00,1.00,0.00,0.00,0.00,0.00,0.00,0.00,0.00,0.00,0.00,0.00,7.70
46.00,5.00,48.00,9.00,54.00,11.00,82.00,1.00,0.00,0.00,0.00,0.00,0.00,0.00,87.00
48.00,11.00,50.00,11.00,54.00,10.00,82.00,1.00,0.00,0.00,0.00,0.00,0.00,0.00,115.00
46.00,4.00,54.00,11.00,82.00,3.00,84.00,11.00,0.00,0.00,0.00,0.00,0.00,0.00,25.00
46.00,4.00,47.00,11.00,54.00,11.00,82.00,2.00,90.00,6.00,0.00,0.00,0.00,0.00,67.00
48.00,11.00,50.00,11.00,54.00,1.00,82.00,1.00,90.00,6.00,0.00,0.00,0.00,0.00,441.00
54.00,6.00,84.00,11.00,0.00,0.00,0.00,0.00,0.00,0.00,0.00,0.00,0.00,0.00,8.20
46.00,5.00,50.00,11.00,82.00,1.00,0.00,0.00,0.00,0.00,0.00,0.00,0.00,0.00,7.30
46.00,4.00,84.00,2.00,0.00,0.00,0.00,0.00,0.00,0.00,0.00,0.00,0.00,0.00,86.00
54.00,11.00,82.00,5.00,0.00,0.00,0.00,0.00,0.00,0.00,0.00,0.00,0.00,0.00,4.40
46.00,5.00,54.00,5.00,82.00,10.00,90.00,6.00,0.00,0.00,0.00,0.00,0.00,0.00,12.00
46.00,4.00,54.00,9.00,82.00,1.00,90.00,6.00,0.00,0.00,0.00,0.00,0.00,0.00,156.00
54.00,6.00,82.00,6.00,90.00,6.00,0.00,0.00,0.00,0.00,0.00,0.00,0.00,0.00,13.00
32.00,4.00,54.00,11.00,90.00,6.00,0.00,0.00,0.00,0.00,0.00,0.00,0.00,0.00,69.00
54.00,5.00,82.00,1.00,0.00,0.00,0.00,0.00,0.00,0.00,0.00,0.00,0.00,0.00,26.00
32.00,4.00,46.00,4.00,82.00,1.00,84.00,11.00,0.00,0.00,0.00,0.00,0.00,0.00,7.80
46.00,5.00,48.00,11.00,54.00,11.00,82.00,9.00,90.00,6.00,0.00,0.00,0.00,0.00,600.00
48.00,6.00,54.00,11.00,82.00,1.00,84.00,11.00,0.00,0.00,0.00,0.00,0.00,0.00,132.00
46.00,4.00,48.00,11.00,54.00,10.00,82.00,1.00,90.00,6.00,0.00,0.00,0.00,0.00,118.00
46.00,5.00,54.00,6.00,90.00,6.00,0.00,0.00,0.00,0.00,0.00,0.00,0.00,0.00,32.00
32.00,4.00,84.00,11.00,90.00,6.00,0.00,0.00,0.00,0.00,0.00,0.00,0.00,0.00,26.00
32.00,4.00,46.00,4.00,54.00,6.00,82.00,1.00,0.00,0.00,0.00,0.00,0.00,0.00,29.00
46.00,4.00,47.00,11.00,90.00,6.00,0.00,0.00,0.00,0.00,0.00,0.00,0.00,0.00,17.00
32.00,4.00,54.00,5.00,82.00,10.00,90.00,6.00,0.00,0.00,0.00,0.00,0.00,0.00,26.00
48.00,6.00,50.00,11.00,54.00,1.00,82.00,1.00,0.00,0.00,0.00,0.00,0.00,0.00,89.00
46.00,4.00,47.00,11.00,76.00,11.00,84.00,1.00,0.00,0.00,0.00,0.00,0.00,0.00,210.00
46.00,4.00,76.00,11.00,84.00,1.00,0.00,0.00,0.00,0.00,0.00,0.00,0.00,0.00,332.00
46.00,4.00,50.00,11.00,82.00,10.00,90.00,6.00,0.00,0.00,0.00,0.00,0.00,0.00,19.00
32.00,4.00,46.00,4.00,82.00,1.00,84.00,11.00,90.00,6.00,0.00,0.00,0.00,0.00,54.00
46.00,4.00,54.00,5.00,82.00,10.00,0.00,0.00,0.00,0.00,0.00,0.00,0.00,0.00,8.90
32.00,4.00,54.00,11.00,82.00,10.00,90.00,6.00,0.00,0.00,0.00,0.00,0.00,0.00,63.00
46.00,5.00,84.00,2.00,0.00,0.00,0.00,0.00,0.00,0.00,0.00,0.00,0.00,0.00,395.00
32.00,4.00,46.00,4.00,54.00,6.00,90.00,6.00,0.00,0.00,0.00,0.00,0.00,0.00,45.00
46.00,5.00,82.00,5.00,0.00,0.00,0.00,0.00,0.00,0.00,0.00,0.00,0.00,0.00,1.30
46.00,5.00,54.00,11.00,82.00,10.00,84.00,11.00,90.00,6.00,0.00,0.00,0.00,0.00,86.00
46.00,4.00,54.00,6.00,84.00,1.00,0.00,0.00,0.00,0.00,0.00,0.00,0.00,0.00,600.00
46.00,4.00,54.00,11.00,88.00,9.00,90.00,6.00,0.00,0.00,0.00,0.00,0.00,0.00,600.00
46.00,4.00,54.00,11.00,82.00,6.00,0.00,0.00,0.00,0.00,0.00,0.00,0.00,0.00,12.00
54.00,5.00,76.00,11.00,84.00,11.00,90.00,6.00,0.00,0.00,0.00,0.00,0.00,0.00,26.00
48.00,11.00,54.00,10.00,82.00,10.00,0.00,0.00,0.00,0.00,0.00,0.00,0.00,0.00,52.00
46.00,5.00,54.00,5.00,84.00,2.00,0.00,0.00,0.00,0.00,0.00,0.00,0.00,0.00,70.00
48.00,6.00,54.00,9.00,82.00,1.00,0.00,0.00,0.00,0.00,0.00,0.00,0.00,0.00,62.00
46.00,4.00,54.00,11.00,82.00,5.00,90.00,6.00,0.00,0.00,0.00,0.00,0.00,0.00,138.00
32.00,4.00,46.00,4.00,54.00,6.00,84.00,11.00,90.00,6.00,0.00,0.00,0.00,0.00,32.00
46.00,4.00,54.00,6.00,76.00,11.00,82.00,1.00,0.00,0.00,0.00,0.00,0.00,0.00,8.10
32.00,4.00,46.00,4.00,47.00,11.00,82.00,2.00,90.00,6.00,0.00,0.00,0.00,0.00,25.00
54.00,5.00,82.00,3.00,90.00,6.00,0.00,0.00,0.00,0.00,0.00,0.00,0.00,0.00,95.00
48.00,11.00,54.00,10.00,82.00,1.00,84.00,11.00,0.00,0.00,0.00,0.00,0.00,0.00,69.00
32.00,4.00,46.00,4.00,47.00,11.00,54.00,5.00,82.00,2.00,90.00,6.00,0.00,0.00,33.00
32.00,4.00,46.00,5.00,47.00,11.00,54.00,6.00,84.00,11.00,90.00,6.00,0.00,0.00,600.00
48.00,5.00,54.00,11.00,82.00,1.00,90.00,6.00,0.00,0.00,0.00,0.00,0.00,0.00,47.00
32.00,4.00,46.00,5.00,47.00,11.00,54.00,6.00,90.00,6.00,0.00,0.00,0.00,0.00,44.00
30.00,7.00,46.00,5.00,54.00,5.00,0.00,0.00,0.00,0.00,0.00,0.00,0.00,0.00,133.00
46.00,5.00,48.00,6.00,54.00,6.00,82.00,1.00,84.00,11.00,0.00,0.00,0.00,0.00,7.20
32.00,4.00,46.00,4.00,47.00,11.00,50.00,5.00,82.00,10.00,90.00,6.00,0.00,0.00,8.30
48.00,11.00,50.00,11.00,54.00,1.00,82.00,10.00,0.00,0.00,0.00,0.00,0.00,0.00,29.00